node;longitude;latitude;indicateur_1;indicateur_2;indicateur_3
cap;2,34;48,92;400;1;15
sac;2,19;48,72;200;1;0
ren;2,84;48,37;200;1;97
node1;6,03;43,27;297;0;47
node2;5,24;47,93;151;0;24
node3;6,36;43;214;0;57
node4;-1,83;48,59;280;0;18
node5;4,34;46,3;30;0;81
node6;6,26;49,45;16;0;62
node7;4,41;45,9;206;0;56
node8;6,98;47,22;270;0;2
node9;-0,46;48,64;62;0;67
node10;-0,67;48,89;461;0;61
node11;-1,16;47,4;269;0;78
node12;3,68;48,98;483;0;74
node13;6,2;45,97;127;0;16
node14;1,32;48,02;439;0;73
node15;-1,55;45,85;242;0;51
node16;-1,49;45,45;10;0;11
node17;0,96;49,32;208;0;13
node18;3,58;43,02;210;0;14
node19;3,2;48,69;228;0;87
node20;6,85;47,83;336;0;7
node21;2,34;49;18;0;66
node22;5,24;47,63;133;0;54
node23;2,27;49,21;14;0;24
node24;1,88;49,83;262;0;67
node25;1,52;45,77;407;0;18
node26;2,31;48,18;481;0;1
node27;-0,42;47,07;496;0;81
node28;2,72;49,2;48;0;48
node29;2,76;48,26;111;0;30
node30;-1,84;49,56;75;0;28
node31;4,32;47,67;265;0;89
node32;6,3;48,6;363;0;41
node33;5,44;45,87;310;0;78
node34;0,67;45,54;413;0;25
node35;6;44,21;59;0;24
node36;6,02;45,13;316;0;40
node37;6,59;49;64;0;19
node38;5,47;46,32;195;0;79
node39;6,29;49,2;91;0;75
node40;3,68;44,75;223;0;91
node41;6,37;47,97;413;0;52
node42;3,52;48,67;167;0;75
node43;-1,06;49,8;335;0;61
node44;0,19;46,82;100;0;67
node45;3,61;47,18;333;0;35
node46;3,98;48,08;393;0;52
node47;2,02;49,45;202;0;19
node48;-0,03;44,02;204;0;75
node49;2,83;48,27;289;0;9
node50;1,21;43,13;213;0;7
node51;-0,53;43,06;481;0;51
node52;4,16;46,76;348;0;76
node53;-0,2;49,42;331;0;18
node54;6,91;44,99;330;0;94
node55;0,51;45,14;28;0;25
node56;6,57;49,86;39;0;6
node57;6,77;46,61;400;0;1
node58;3,23;49,48;280;0;46
node59;-1,85;49,81;243;0;88
node60;0,36;43,69;141;0;86
node61;1,08;48,33;465;0;62
node62;-0,51;48,04;30;0;0
node63;5,49;45,64;477;0;42
node64;2,19;46,88;176;0;85
node65;4,85;45,95;405;0;66
node66;4,89;47,28;464;0;92
node67;1,28;47,13;224;0;20
node68;6,82;49,92;86;0;36
node69;0,33;43,94;308;0;51
node70;-0,55;48,02;40;0;60
node71;5,64;45,07;129;0;67
node72;3,2;47,11;489;0;37
node73;6,75;44,25;213;0;31
node74;1,21;48,33;39;0;3
node75;0,98;46,07;326;0;83
node76;4,37;43,86;315;0;11
node77;6,03;44,44;364;0;71
node78;4,75;49,69;382;0;50
node79;1,9;43,17;483;0;23
node80;-1,76;44,38;453;0;85
node81;-0,19;46,46;305;0;11
node82;0,24;46,93;433;0;2
node83;6,11;43,83;147;0;97
node84;5,95;44,3;241;0;14
node85;-1,34;48,14;96;0;83
node86;6,97;49,78;144;0;89
node87;-0,66;48,41;422;0;86
node88;6,37;49,08;478;0;73
node89;1,44;47,24;444;0;26
node90;0,11;47,43;142;0;84
node91;6,83;49,69;464;0;6
node92;6,2;47,89;75;0;45
node93;0,8;44,48;187;0;31
node94;-0,87;46,94;60;0;65
node95;2,26;48,71;381;0;53
node96;6,31;47,29;198;0;70
node97;-0,15;46,77;150;0;44
node98;3,7;47,18;164;0;43
node99;2,16;45,78;256;0;29
node100;6,7;45,68;491;0;8
node101;1,38;44,1;307;0;63
node102;1,42;49,27;183;0;93
node103;3,7;43,11;441;0;70
node104;-1,28;46,84;260;0;78
node105;1,78;47,41;366;0;2
node106;6,41;47,52;335;0;25
node107;5,09;44,79;349;0;9
node108;1,92;48,19;498;0;42
node109;-0,39;48,37;266;0;21
node110;5,58;45,15;314;0;62
node111;5,48;48,24;227;0;28
node112;-0,96;47,56;196;0;39
node113;0,62;43,02;84;0;91
node114;-0,95;44,03;132;0;50
node115;0,54;47,41;281;0;92
node116;5,29;45,8;153;0;50
node117;-1,4;43,45;80;0;68
node118;6,63;43,94;287;0;22
node119;0,3;45,78;94;0;98
node120;5,92;45,63;270;0;30
node121;-1,14;49,99;450;0;19
node122;-0,51;43,55;270;0;6
node123;5,5;48,63;245;0;41
node124;6,36;49,35;351;0;44
node125;0,42;45,57;71;0;75
node126;6,01;47,28;197;0;22
node127;6,37;49,85;201;0;85
node128;-1,9;48,59;58;0;52
node129;-0,49;46,11;265;0;40
node130;3,81;43,89;268;0;100
node131;-0,19;45,54;50;0;100
node132;0,86;48,46;484;0;92
node133;2,51;46,17;167;0;57
node134;-0,88;47,3;499;0;51
node135;5,89;44,39;49;0;29
node136;4,26;45,84;249;0;43
node137;6,32;44,92;169;0;81
node138;1,29;48,1;418;0;82
node139;3,07;43,16;312;0;30
node140;3,4;49,64;468;0;7
node141;4,48;46,97;15;0;52
node142;2,53;47,62;241;0;67
node143;4,25;46,12;31;0;24
node144;-0,08;45,73;475;0;0
node145;4,1;44,77;319;0;15
node146;0,27;48,49;105;0;63
node147;1,22;49,56;260;0;52
node148;4,72;46,67;361;0;32
node149;4,64;44,27;255;0;82
node150;0,06;49,6;397;0;11
node151;4,95;47,97;372;0;96
node152;6,84;43,22;488;0;63
node153;-1,68;47,05;255;0;67
node154;2,11;43,47;19;0;2
node155;1,18;44,1;108;0;92
node156;1,88;45,33;101;0;88
node157;2,1;49,01;217;0;14
node158;5,7;46,75;102;0;47
node159;2,15;48,2;463;0;67
node160;-1,15;43,14;286;0;34
node161;3,12;46,72;241;0;4
node162;1,08;49,16;248;0;91
node163;3;49,21;99;0;25
node164;6,14;45,12;434;0;14
node165;6,07;45,04;161;0;61
node166;5,44;44,63;424;0;65
node167;1,65;43,51;100;0;42
node168;-1,63;46,59;500;0;53
node169;3,1;44,12;430;0;57
node170;-1,92;45,95;195;0;41
node171;-1,46;44,84;283;0;16
node172;2,29;47,05;367;0;6
node173;-1,29;46,94;363;0;49
node174;2,72;43,5;475;0;95
node175;0,43;46,51;459;0;45
node176;1,47;48,13;261;0;37
node177;-1,9;47,47;274;0;87
node178;6,14;46,43;164;0;45
node179;4,7;48,64;18;0;32
node180;2,35;44,26;169;0;34
node181;4,77;43,26;338;0;83
node182;1,4;46,71;205;0;84
node183;0,06;46,38;366;0;65
node184;0,54;47,13;84;0;97
node185;5,75;48,9;139;0;13
node186;1,27;43,36;55;0;90
node187;4,82;47,31;239;0;19
node188;-0,01;49,94;397;0;14
node189;-0,2;43,29;229;0;70
node190;-1,68;43,14;305;0;22
node191;6,39;48,05;281;0;44
node192;3,93;44,42;253;0;45
node193;6,61;44,38;260;0;5
node194;4,01;46,51;278;0;95
node195;-1,1;43,01;292;0;36
node196;0,7;44,3;249;0;37
node197;-1,34;44,17;453;0;3
node198;3,01;48,78;131;0;98
node199;6,92;45,04;380;0;38
node200;-0,15;45,94;143;0;73
node201;6,99;46,5;304;0;19
node202;-1,34;49,71;453;0;18
node203;2,63;49,74;127;0;30
node204;2,43;48,05;219;0;68
node205;-0,74;47,33;251;0;69
node206;3,18;43,43;486;0;35
node207;6,25;48,29;321;0;35
node208;-0,31;50;463;0;68
node209;4,48;45,03;432;0;80
node210;4,01;44,42;242;0;43
node211;0,51;47,34;27;0;7
node212;4,44;45,65;396;0;82
node213;5,6;45,94;127;0;52
node214;2,65;47,96;83;0;60
node215;1,1;43,39;332;0;56
node216;1,73;47,46;484;0;16
node217;2,74;43,28;171;0;17
node218;1,11;44,98;470;0;19
node219;-1,38;47,09;348;0;20
node220;-0,87;43,38;331;0;64
node221;5,76;47,5;395;0;6
node222;2,38;48,81;160;0;55
node223;6,81;43,24;398;0;96
node224;5,82;48,93;47;0;68
node225;6,92;43,89;46;0;69
node226;5,76;46,76;93;0;9
node227;3,67;44,77;286;0;41
node228;2,33;44,12;450;0;46
node229;3,64;45,3;471;0;10
node230;6,35;45,62;174;0;94
node231;-0,86;47,65;100;0;43
node232;5,58;43,73;123;0;47
node233;2,48;45,74;411;0;90
node234;1,25;44,1;118;0;85
node235;5,02;46,54;293;0;21
node236;0,83;49,5;487;0;79
node237;5,54;49;211;0;42
node238;3,32;48,2;469;0;0
node239;5,39;45,29;295;0;24
node240;3,56;45,23;182;0;14
node241;-0,54;49,46;244;0;35
node242;6,52;45,72;162;0;53
node243;1,83;43,42;283;0;91
node244;-1,63;48,76;127;0;27
node245;0,32;44,48;430;0;11
node246;1,31;44,5;411;0;84
node247;-1,26;43,35;198;0;72
node248;0,63;48,35;55;0;18
node249;1,64;44,8;34;0;81
node250;2,55;46,86;430;0;64
node251;0,81;45,57;122;0;44
node252;1,56;44,85;139;0;40
node253;5,59;49,21;489;0;8
node254;3,01;48,57;193;0;40
node255;6,2;43,93;328;0;19
node256;4,69;44,26;28;0;57
node257;-0,25;46,17;313;0;5
node258;1,85;43,7;18;0;17
node259;0,93;46,13;429;0;0
node260;5,67;48,18;309;0;9
node261;4,87;45,09;495;0;22
node262;0,05;46,67;197;0;88
node263;5,64;43,77;457;0;48
node264;4,03;46,75;84;0;62
node265;3,56;45,56;442;0;85
node266;0,4;44,8;340;0;41
node267;-0,26;49,29;307;0;69
node268;3,61;46,68;210;0;7
node269;2,69;43,63;372;0;71
node270;4,59;45,74;89;0;40
node271;1,2;47,56;408;0;5
node272;6,7;49,26;196;0;74
node273;5,95;43,75;38;0;70
node274;6,35;44,11;312;0;3
node275;5,7;46,41;172;0;13
node276;-0,46;47,45;278;0;21
node277;2,21;43,9;207;0;2
node278;5,56;44,76;270;0;40
node279;6,25;48,48;318;0;8
node280;6,21;44,45;409;0;80
node281;0,16;49,52;393;0;1
node282;5,5;44,25;381;0;91
node283;2,97;48,03;152;0;37
node284;2,48;46,61;248;0;91
node285;5,3;48,67;400;0;57
node286;3,36;47,16;447;0;43
node287;4,48;49,3;157;0;31
node288;1,35;44,42;356;0;28
node289;6,46;47,02;320;0;40
node290;1,05;47,01;28;0;53
node291;2,11;48,98;173;0;49
node292;1,62;49,81;88;0;65
node293;0,07;49,91;239;0;0
node294;4,65;43,46;254;0;61
node295;4,65;45,57;494;0;14
node296;1,87;46,23;320;0;8
node297;-1,23;49,98;159;0;25
node298;-0,37;47,72;127;0;8
node299;5,09;49,14;316;0;98
node300;1,86;49,8;396;0;33
node301;2,33;44,54;251;0;8
node302;3,52;47,95;322;0;18
node303;1,29;47,64;478;0;40
node304;4,52;44,79;456;0;2
node305;3,99;46,67;39;0;65
node306;-0,76;43,92;474;0;73
node307;5,02;49,57;477;0;1
node308;2,39;43,65;199;0;85
node309;2,21;45,53;345;0;8
node310;5,21;45,45;486;0;44
node311;-2;45,47;177;0;27
node312;0,11;43,43;231;0;49
node313;0,9;45,13;87;0;49
node314;4,61;49,08;205;0;68
node315;1,8;44,2;441;0;76
node316;-0,16;45,48;270;0;41
node317;0,44;44,84;221;0;47
node318;-1,73;47,28;378;0;96
node319;3,52;47,74;339;0;60
node320;-1,47;43,23;494;0;3
node321;0,27;44,26;55;0;31
node322;1,03;49,13;10;0;95
node323;-0,86;43,36;319;0;36
node324;-1,4;44,45;266;0;57
node325;5,3;45,47;103;0;97
node326;0,64;45,01;43;0;43
node327;5,82;46,68;233;0;68
node328;3,47;49,44;334;0;23
node329;-0,74;49,07;410;0;59
node330;6,81;49,22;51;0;89
node331;6,71;45,65;241;0;25
node332;1,94;43,06;350;0;50
node333;-1,76;47,69;218;0;39
node334;2,3;44,19;79;0;44
node335;-1,25;44,98;350;0;73
node336;4,12;46,98;13;0;6
node337;2,68;48,91;67;0;1
node338;3,33;43,53;374;0;55
node339;-0,84;47,1;354;0;30
node340;-1,61;47,64;308;0;87
node341;4,28;49,53;131;0;3
node342;6,42;46,03;383;0;82
node343;4,29;45,06;33;0;31
node344;5,95;49,36;317;0;5
node345;4,51;43,1;247;0;94
node346;2,38;46,76;346;0;65
node347;6,77;44,64;138;0;25
node348;0,19;43,43;252;0;6
node349;2,37;44,01;34;0;48
node350;-0,33;46,08;313;0;41
node351;5,19;46,76;313;0;36
node352;5,72;45,59;122;0;87
node353;5,24;47,6;224;0;50
node354;3,81;45,04;411;0;88
node355;0,53;43,56;253;0;71
node356;-0,78;43,04;365;0;12
node357;-1,54;44,7;282;0;65
node358;-0,06;48,16;290;0;9
node359;3,91;43;95;0;100
node360;6,34;46,53;223;0;81
node361;3,08;43,24;399;0;15
node362;3,09;48,29;139;0;72
node363;3,52;44,95;35;0;27
node364;0,84;48,18;451;0;89
node365;-0,65;47,26;188;0;99
node366;5,67;45,81;183;0;93
node367;-1,65;47,77;275;0;65
node368;4,87;43,64;15;0;30
node369;1,68;46,53;499;0;70
node370;6,37;43,41;329;0;4
node371;3,71;44,34;308;0;75
node372;3,68;44,83;111;0;18
node373;3,45;44,14;148;0;18
node374;5,44;43,81;187;0;47
node375;-1,59;44,28;468;0;32
node376;1,4;46,82;350;0;60
node377;6,71;45,73;442;0;13
node378;-0,8;45,02;398;0;82
node379;3,91;43,32;133;0;44
node380;-0,29;43,11;384;0;46
node381;6,39;49,9;14;0;49
node382;-0,4;46,76;369;0;26
node383;1,81;46,56;483;0;7
node384;-0,67;49,3;66;0;86
node385;6,82;43,43;274;0;67
node386;3,43;44;279;0;66
node387;6,59;49,42;355;0;62
node388;-0,93;43,27;407;0;86
node389;-0,41;43,01;222;0;46
node390;-1,72;44,24;494;0;2
node391;1,79;48,97;454;0;100
node392;-1,11;45,54;461;0;68
node393;-0,14;43,1;335;0;42
node394;0,02;48,38;347;0;0
node395;6,56;45,37;376;0;88
node396;2,98;48,31;107;0;40
node397;4,27;44,27;272;0;95
node398;4,81;44,52;81;0;77
node399;0,07;46,32;393;0;29
node400;3,78;46,01;53;0;74
node401;5,87;47,82;338;0;70
node402;2,15;49,04;134;0;22
node403;-1,32;47,96;473;0;96
node404;1,35;44,66;61;0;2
node405;-1,41;45,85;56;0;32
node406;4,97;45,9;455;0;58
node407;3,73;46,81;155;0;25
node408;3,72;43,92;427;0;99
node409;6,48;46;203;0;16
node410;1,5;49,04;242;0;52
node411;5,01;48,26;281;0;54
node412;-1,34;47,5;181;0;74
node413;3,04;44,25;135;0;0
node414;-0,59;48,42;127;0;36
node415;-1,71;49,93;126;0;31
node416;3,36;45,01;328;0;98
node417;2,75;44,76;95;0;3
node418;0,96;43,35;29;0;6
node419;2,38;48,77;309;0;60
node420;2,63;46,72;215;0;70
node421;-0,32;49,84;393;0;71
node422;3,17;45,4;96;0;28
node423;4,29;44,41;345;0;97
node424;-0,94;45,68;58;0;92
node425;0,83;46,93;482;0;34
node426;3,84;44;335;0;49
node427;-0,8;43,84;345;0;6
node428;4,59;49,11;453;0;31
node429;3,48;46,88;234;0;85
node430;4,57;47,12;440;0;83
node431;5,72;49,44;282;0;21
node432;5,04;49,79;231;0;27
node433;0,55;49,83;226;0;62
node434;4,77;44,2;109;0;61
node435;-1,02;45;307;0;56
node436;6,4;46,61;23;0;32
node437;3,67;47,76;239;0;24
node438;4,17;45,74;340;0;21
node439;6,19;44,4;163;0;62
node440;5,55;44,87;415;0;55
node441;6,07;46,01;185;0;34
node442;1,06;43,22;74;0;100
node443;2,77;49,87;296;0;77
node444;2,31;49,62;235;0;26
node445;0,26;46,37;346;0;13
node446;5,96;44,17;124;0;13
node447;1,08;46,84;266;0;7
node448;4,28;44,63;451;0;52
node449;4,75;48,12;157;0;8
node450;2,02;46,65;450;0;89
node451;2,48;44,21;78;0;23
node452;1,62;43,65;359;0;67
node453;6,33;48,04;452;0;1
node454;4,51;43,72;463;0;67
node455;-1,11;45,32;486;0;69
node456;6,66;43,83;187;0;68
node457;0,46;43,31;442;0;7
node458;2,65;48,8;227;0;51
node459;6,9;46,34;38;0;38
node460;3,42;49,01;179;0;67
node461;2,51;49,64;100;0;36
node462;4,03;46,69;312;0;58
node463;5,76;45,45;488;0;70
node464;4,19;48,02;39;0;16
node465;5,44;49,25;149;0;61
node466;-1,16;46,33;183;0;1
node467;0,76;49,62;154;0;87
node468;0,81;47,89;176;0;27
node469;4,55;47,07;421;0;55
node470;3,18;47,95;228;0;78
node471;-1,8;44,02;34;0;64
node472;5,48;49,36;278;0;68
node473;-0,1;48,73;378;0;80
node474;2,27;44,47;128;0;91
node475;4,02;45,17;32;0;58
node476;4,22;48,59;250;0;64
node477;6,53;48,31;190;0;3
node478;1,77;49,49;369;0;12
node479;4,83;46,44;65;0;36
node480;1,44;45,64;289;0;51
node481;1,91;47,86;46;0;95
node482;0,08;49,32;375;0;71
node483;3,65;49,84;56;0;9
node484;0,82;46,16;165;0;15
node485;6,13;44,1;203;0;33
node486;4,58;45,63;461;0;25
node487;5,39;45,57;170;0;40
node488;0,63;45,21;35;0;31
node489;4,73;45,43;458;0;18
node490;5,29;48,24;91;0;88
node491;6,74;46,65;214;0;41
node492;0,52;43,33;270;0;75
node493;1,46;48,44;213;0;8
node494;0,64;49,54;476;0;35
node495;4,17;45,73;127;0;34
node496;-1,21;44,38;291;0;81
node497;0,01;43,79;355;0;6
node498;6,57;47,53;33;0;23
node499;3,24;48,95;448;0;15
node500;-1,28;43,26;252;0;71
node501;1,2;48,13;492;0;29
node502;0,86;46,14;171;0;38
node503;5,91;43,65;114;0;9
node504;6,69;46,48;459;0;61
node505;2,07;45,08;320;0;81
node506;0,64;47,7;498;0;38
node507;0,73;43,59;78;0;70
node508;3,95;46,22;54;0;23
node509;0,25;46,6;351;0;27
node510;-0,47;49,34;82;0;61
node511;0,57;46,04;32;0;57
node512;6,07;45,95;207;0;94
node513;-1,32;44,89;370;0;25
node514;-1,46;49,63;345;0;44
node515;5,22;43,13;108;0;42
node516;2,15;44,17;466;0;70
node517;1,43;47,35;315;0;28
node518;7;46,69;421;0;87
node519;5,25;46,14;410;0;60
node520;6,68;46,88;66;0;81
node521;1,02;43,54;255;0;99
node522;-0,15;46,58;11;0;3
node523;2,07;43,18;453;0;39
node524;0,66;43,26;317;0;36
node525;2,77;45,14;229;0;79
node526;-0,98;47,14;228;0;62
node527;6,26;46,53;448;0;56
node528;-0,9;49,82;162;0;76
node529;0,98;47,91;52;0;54
node530;1,14;49,61;352;0;14
node531;3,39;45,62;43;0;0
node532;-1,41;48,81;442;0;68
node533;2,27;48,55;416;0;27
node534;1,41;49,52;249;0;66
node535;5,53;44,27;454;0;67
node536;3,09;44,57;343;0;39
node537;-1,95;48,56;384;0;31
node538;-1,52;45,47;76;0;15
node539;-0,43;45,79;47;0;86
node540;-0,47;45,54;229;0;59
node541;2,08;45,29;119;0;45
node542;-1,79;43,44;69;0;38
node543;-1,85;43,97;430;0;9
node544;0,75;49,15;242;0;59
node545;4,73;47,42;402;0;20
node546;-1,77;49,64;95;0;19
node547;2,87;45,17;482;0;82
node548;-0,98;43,58;95;0;8
node549;1,75;48,77;183;0;24
node550;-0,74;48,79;273;0;61
node551;4,88;47,79;194;0;50
node552;-1,53;48,42;128;0;83
node553;-1,6;46,83;315;0;47
node554;1,39;44,89;318;0;27
node555;5,38;44,76;17;0;4
node556;2,96;47,98;397;0;27
node557;4,48;46,03;125;0;6
node558;-0,37;46,61;61;0;55
node559;3,85;48,47;415;0;40
node560;0,18;44,92;156;0;3
node561;0,21;43,78;269;0;43
node562;3,71;47,17;223;0;96
node563;2,3;44,61;155;0;52
node564;1,98;44,28;56;0;79
node565;2,24;44,4;367;0;80
node566;5,35;49,43;38;0;49
node567;2,74;45,06;126;0;94
node568;0,47;43,69;446;0;98
node569;0,58;48,06;272;0;47
node570;3,74;44,38;468;0;27
node571;4,33;43,21;380;0;90
node572;2,98;46,61;363;0;53
node573;-0,86;46,96;193;0;18
node574;2,43;49,14;108;0;37
node575;-0,53;48,86;217;0;23
node576;5,07;48,85;459;0;63
node577;2,89;48,33;116;0;68
node578;2,14;49,82;359;0;34
node579;4,87;44,4;99;0;92
node580;-0,74;49,79;256;0;1
node581;0,07;48,67;335;0;21
node582;5,96;50;67;0;5
node583;3,45;44,22;239;0;75
node584;0,34;46,17;349;0;49
node585;6,83;47,54;14;0;18
node586;1,13;43,98;16;0;73
node587;0,95;46,34;247;0;55
node588;1,73;45,83;393;0;62
node589;6,43;45,4;394;0;74
node590;-0,12;46,5;242;0;27
node591;-0,52;45,13;237;0;80
node592;4,64;48,95;419;0;2
node593;-1,67;44,12;179;0;13
node594;6,51;43,81;373;0;99
node595;4,8;49,66;74;0;34
node596;5,21;47,88;459;0;35
node597;1,49;47,17;447;0;53
node598;2,94;44,93;374;0;64
node599;5,68;48,58;76;0;21
node600;1,76;49,59;454;0;83
node601;1,8;43,82;19;0;17
node602;0,77;44,51;65;0;51
node603;-1,15;47,24;443;0;10
node604;-0,19;46,24;443;0;21
node605;6,23;47,75;109;0;69
node606;6,11;46,26;15;0;23
node607;1,5;44,95;56;0;55
node608;0,31;44,49;120;0;26
node609;2,77;45,92;138;0;39
node610;5,28;50;188;0;61
node611;2,24;47,64;274;0;78
node612;1,08;45,83;391;0;22
node613;1,18;48,5;280;0;22
node614;6,59;45,53;47;0;11
node615;0,19;47,04;448;0;22
node616;-1,42;48,59;257;0;26
node617;4,51;47,64;159;0;30
node618;3,64;45,44;431;0;2
node619;-1,81;48,55;199;0;19
node620;2,96;45,47;395;0;25
node621;5,52;44,59;70;0;42
node622;3,48;49,74;243;0;81
node623;4,67;46,75;332;0;1
node624;6,17;48,6;201;0;75
node625;0,13;46,07;425;0;25
node626;0,17;47,16;190;0;62
node627;6,55;46,2;167;0;49
node628;0,39;43,89;237;0;94
node629;-1,1;44,43;446;0;63
node630;1,17;47,4;229;0;44
node631;-1,64;43,16;326;0;73
node632;3,26;44,44;221;0;96
node633;4,4;46,47;430;0;31
node634;6,01;45,25;86;0;21
node635;2,64;46,15;19;0;38
node636;3,96;47,7;160;0;100
node637;-0,31;49,91;423;0;58
node638;5,25;46,36;489;0;96
node639;2,68;44,9;335;0;55
node640;3,61;43,63;31;0;3
node641;3,33;44,64;196;0;40
node642;3,25;49,78;253;0;99
node643;5,2;47,91;65;0;70
node644;0,16;43,02;433;0;86
node645;-1,93;44,28;392;0;51
node646;5,92;46,71;335;0;51
node647;0,53;44,67;391;0;56
node648;2,72;43,64;66;0;20
node649;4,42;48,93;339;0;23
node650;-0,33;48,57;10;0;12
node651;-1,08;46,11;315;0;91
node652;0,93;48,56;231;0;89
node653;0,57;48,41;448;0;97
node654;6,89;43,69;200;0;88
node655;1,68;46,18;396;0;43
node656;5,76;46,44;438;0;70
node657;2,16;46,02;414;0;4
node658;6,65;43,18;131;0;90
node659;5,5;44,32;344;0;44
node660;6,04;45,86;437;0;70
node661;-0,51;49,77;94;0;83
node662;0,02;43,8;63;0;38
node663;-0,74;46,36;390;0;96
node664;6,84;47,24;286;0;58
node665;4,73;43,17;82;0;35
node666;-1,16;45,08;440;0;28
node667;-1,22;44,98;352;0;49
node668;4,31;44,8;197;0;17
node669;5,67;47,04;176;0;23
node670;2,12;48,61;59;0;21
node671;0,9;45,61;26;0;93
node672;4;49,55;500;0;98
node673;5,37;44,33;446;0;26
node674;1,9;43,27;161;0;48
node675;-0,31;44,26;477;0;84
node676;0,65;44,19;12;0;84
node677;6,68;49,13;287;0;88
node678;2,39;47,27;197;0;19
node679;4,45;46,7;381;0;8
node680;1,87;49,88;400;0;27
node681;0,24;44,95;11;0;75
node682;-1,81;43,54;483;0;75
node683;3,56;46,54;308;0;38
node684;6,57;45,11;329;0;85
node685;6,23;48,85;64;0;33
node686;5,74;43,71;230;0;15
node687;-1,52;44,17;478;0;82
node688;4,17;49,23;141;0;46
node689;-0,6;45,59;426;0;38
node690;0,87;44,63;413;0;26
node691;6,48;49,09;151;0;80
node692;3,5;49,82;455;0;47
node693;4,2;49,63;436;0;7
node694;3,1;49,18;332;0;92
node695;1,47;45,08;152;0;90
node696;1,96;49,53;27;0;54
node697;3,12;43,75;403;0;90
node698;5,72;43,14;336;0;22
node699;1,1;48,89;451;0;87
node700;6,73;47,66;38;0;68
node701;4,14;48,92;276;0;67
node702;1,71;45,51;90;0;95
node703;0,2;48,06;50;0;89
node704;0,45;45,09;36;0;33
node705;-1,69;43,18;192;0;38
node706;6,15;49,01;203;0;91
node707;3,53;48,4;417;0;57
node708;-1,39;46,38;218;0;18
node709;-1,16;45,14;316;0;16
node710;3,64;45,78;248;0;91
node711;-0,15;49;234;0;25
node712;6,91;46,58;473;0;45
node713;-0,17;43,58;97;0;98
node714;4,73;43,4;53;0;71
node715;3,31;47,22;303;0;42
node716;-1,24;43,45;413;0;72
node717;4,06;48,63;408;0;15
node718;6,12;43,48;56;0;77
node719;0,56;48,98;219;0;44
node720;2,67;45,34;221;0;9
node721;1,36;47,06;483;0;39
node722;4,91;49,4;461;0;41
node723;-1,38;46,28;23;0;56
node724;2,05;43,09;205;0;11
node725;5,76;44,68;136;0;50
node726;1,8;44,06;380;0;64
node727;6,82;43,5;174;0;76
node728;5,38;43,75;305;0;41
node729;5,64;45,96;155;0;100
node730;3,84;47,13;497;0;50
node731;1,78;43,45;224;0;74
node732;-0,51;49,55;293;0;78
node733;1,11;47,45;65;0;85
node734;-1,98;44,37;481;0;51
node735;4,95;47,22;153;0;91
node736;4,48;47,72;124;0;2
node737;2,29;48,2;403;0;37
node738;6,69;48,69;210;0;62
node739;0,42;43,9;385;0;37
node740;5,75;45,15;385;0;48
node741;-1,4;45,99;263;0;18
node742;4,45;46,53;245;0;11
node743;4,96;44,63;19;0;10
node744;4,44;46,61;200;0;49
node745;4,25;44,3;14;0;81
node746;3,59;47,78;289;0;97
node747;4,84;43,33;430;0;76
node748;3,77;49,34;335;0;74
node749;3,42;48,13;371;0;30
node750;6,51;49,22;314;0;85
node751;6,98;44,76;332;0;22
node752;3,19;49,59;54;0;28
node753;-1,6;43,91;262;0;90
node754;-1,13;49,32;187;0;30
node755;6,07;45,5;479;0;45
node756;1,3;45,56;496;0;66
node757;3,9;43,47;147;0;43
node758;0,93;46;215;0;23
node759;5,15;49,95;324;0;80
node760;4,37;49,94;239;0;38
node761;0,27;49,88;382;0;40
node762;4,57;49,01;361;0;65
node763;6,2;48,77;13;0;77
node764;4,27;44,96;265;0;39
node765;4,52;44,47;467;0;19
node766;-1,09;47,01;433;0;28
node767;4,06;45,89;216;0;94
node768;5,53;46,39;66;0;74
node769;3,31;46,42;164;0;38
node770;-1,25;44,41;236;0;79
node771;1,47;48,92;457;0;8
node772;-0,7;47,97;333;0;61
node773;2,31;48,5;406;0;16
node774;-1,42;46,38;461;0;13
node775;6,1;47,16;52;0;91
node776;-0,52;45,97;375;0;87
node777;3,42;45,09;199;0;57
node778;4,19;44,06;465;0;1
node779;-1,26;45,76;277;0;22
node780;-0,22;44,28;15;0;22
node781;-1,62;47,47;394;0;77
node782;1,88;44,26;358;0;89
node783;-1,5;47,34;294;0;69
node784;5,14;48,44;92;0;53
node785;6,26;44,17;228;0;2
node786;-0,98;48,66;465;0;82
node787;0,67;49,38;145;0;90
node788;0,1;44,08;441;0;56
node789;1,84;46,95;206;0;43
node790;1,25;47,73;430;0;95
node791;2,82;43,12;210;0;29
node792;1,91;49,71;293;0;67
node793;3,26;49,95;269;0;73
node794;0,69;45,95;331;0;18
node795;3,69;48,51;223;0;8
node796;1,05;45,42;193;0;83
node797;5,74;46,99;337;0;13
node798;-1,43;44,8;332;0;87
node799;3,06;43,81;339;0;56
node800;-0,27;49,64;354;0;64
node801;3,73;48,64;78;0;47
node802;3;44,16;493;0;84
node803;2,69;46,38;119;0;89
node804;-0,95;46,59;484;0;84
node805;-1,32;48,01;59;0;24
node806;3,66;47;18;0;41
node807;1,68;49,65;292;0;81
node808;4,9;47,82;351;0;36
node809;2,49;49,78;492;0;8
node810;2,49;45,84;179;0;7
node811;-1,22;47,32;273;0;26
node812;3,75;44,18;169;0;11
node813;3,93;44,64;487;0;73
node814;2,85;43,85;326;0;27
node815;-1,65;48,19;463;0;51
node816;5,66;46,03;466;0;0
node817;3,48;49,88;491;0;41
node818;-0,64;49,66;191;0;55
node819;-0,17;46,71;227;0;21
node820;5,3;49,86;464;0;7
node821;5,32;49,75;136;0;32
node822;-0,87;46,56;290;0;98
node823;4,5;47,88;378;0;27
node824;2,8;47,68;193;0;80
node825;5,46;45,48;368;0;21
node826;-1,65;48,97;364;0;14
node827;0,33;46,42;88;0;11
node828;5,94;46,76;474;0;87
node829;-1,6;44,39;267;0;15
node830;3,25;47,25;252;0;94
node831;-0,01;43,87;181;0;80
node832;0,01;45,36;140;0;100
node833;5,03;46,73;127;0;60
node834;3,88;46,54;56;0;73
node835;-1,15;46,65;89;0;75
node836;1,52;46,49;440;0;90
node837;-0,91;47,59;150;0;26
node838;3,54;46,16;116;0;30
node839;2,28;43,12;112;0;8
node840;6,29;49,01;447;0;57
node841;-0,17;43,91;202;0;38
node842;6,7;44,32;251;0;81
node843;3,66;45,44;412;0;16
node844;-0,58;46,65;500;0;24
node845;-0,99;47,4;89;0;11
node846;1,14;45,33;323;0;54
node847;1,11;45,32;227;0;89
node848;5,06;47,93;260;0;56
node849;2,64;46,81;393;0;29
node850;-1,07;43,56;498;0;28
node851;4,6;47,84;138;0;36
node852;-1,83;47,63;67;0;42
node853;-1,69;47,6;47;0;39
node854;3,32;44,5;22;0;46
node855;5,71;44,42;429;0;67
node856;-1,12;46,54;458;0;89
node857;-1,45;44,91;223;0;58
node858;3,53;45,95;473;0;27
node859;4,98;44,72;18;0;40
node860;4,13;47,45;57;0;33
node861;4,73;47,37;254;0;16
node862;5,89;48,32;67;0;91
node863;-1,06;43,46;196;0;2
node864;3;49,14;329;0;14
node865;3,34;45,77;255;0;57
node866;0,9;49,2;434;0;47
node867;1,81;46,53;318;0;11
node868;-1,66;47,48;15;0;72
node869;4,33;47;202;0;70
node870;6,43;49,9;393;0;52
node871;-1,21;45,92;274;0;69
node872;3,72;45,89;91;0;27
node873;-1,91;44,11;307;0;56
node874;6,3;45,26;371;0;39
node875;4,97;48,33;420;0;31
node876;-1,59;46,7;365;0;93
node877;3,31;45,28;130;0;65
node878;3,04;45,63;100;0;7
node879;4,4;48,75;318;0;37
node880;-1,77;43,48;37;0;0
node881;0,7;45,63;272;0;42
node882;5,91;43,96;124;0;35
node883;2,68;46,51;102;0;14
node884;0,41;46,44;43;0;58
node885;0,33;47,1;343;0;75
node886;-0,48;47,87;86;0;35
node887;3,27;46,32;233;0;13
node888;-1,25;43,15;102;0;84
node889;0,67;43,26;42;0;40
node890;2,88;44,16;397;0;20
node891;4,7;43,83;208;0;23
node892;1,8;45,85;205;0;45
node893;-0,1;45;16;0;68
node894;-0,16;47,78;486;0;83
node895;1,05;44,52;216;0;94
node896;4,11;47,72;74;0;74
node897;2,71;45,17;118;0;39
node898;1,36;46,78;248;0;35
node899;-1,3;48,32;162;0;64
node900;4,68;43,96;432;0;90
node901;0,83;49,42;289;0;7
node902;0,34;49,37;175;0;30
node903;5,2;43,52;18;0;49
node904;3,36;49,4;86;0;40
node905;1,21;45,02;167;0;79
node906;5,62;47,05;248;0;63
node907;-1,82;48,92;235;0;7
node908;5,98;45,09;120;0;84
node909;0,75;44,01;26;0;81
node910;6,4;44,58;326;0;11
node911;5,61;49,97;403;0;76
node912;-0,5;49,68;367;0;92
node913;4,68;44,85;138;0;79
node914;-0,45;49,68;417;0;76
node915;2,15;47,45;412;0;17
node916;6,92;45,83;84;0;16
node917;2,36;44,67;193;0;59
node918;-1,53;45,06;439;0;76
node919;-1,7;44,1;366;0;86
node920;3,71;46,84;94;0;64
node921;6,27;47,44;272;0;60
node922;-0,89;43,5;286;0;81
node923;-1,28;46,96;22;0;52
node924;3,91;44,59;369;0;90
node925;-0,71;47,22;258;0;35
node926;-0,9;44,45;170;0;91
node927;-1,33;47,63;95;0;64
node928;4,73;47,42;260;0;28
node929;0,05;46,37;421;0;63
node930;4,7;47,28;126;0;35
node931;6,59;46,69;21;0;5
node932;-1,03;47,3;85;0;5
node933;2,57;47,15;466;0;59
node934;3,67;49,62;402;0;41
node935;-1,29;43,33;301;0;1
node936;-1,32;44,35;411;0;87
node937;6,68;47,69;142;0;51
node938;2,89;47,3;104;0;95
node939;2,32;47,25;122;0;90
node940;1,02;43,28;103;0;95
node941;0,45;46,39;23;0;20
node942;6,65;46,41;489;0;83
node943;3,89;45,72;217;0;77
node944;3,04;45,01;54;0;19
node945;-1,58;47,46;72;0;79
node946;-1,34;46,53;225;0;9
node947;1,65;44,63;498;0;50
node948;0,81;45,72;107;0;49
node949;3,37;45,92;387;0;31
node950;4,61;44,19;25;0;72
node951;-0,51;49,04;112;0;82
node952;-1,83;45,2;15;0;82
node953;5,47;47,22;497;0;66
node954;4,88;49,35;139;0;43
node955;4,37;43,7;123;0;79
node956;2,76;48,84;410;0;3
node957;0,31;48,42;254;0;8
node958;5,1;49,29;325;0;47
node959;5,42;49;148;0;92
node960;3,42;46,05;418;0;46
node961;-0,78;49,22;237;0;38
node962;1,34;49,31;323;0;74
node963;6,49;45,59;258;0;32
node964;-1,51;49,22;379;0;31
node965;-0,83;43,77;250;0;71
node966;3,76;45,61;73;0;38
node967;0,38;46,46;178;0;85
node968;3,7;47,83;474;0;89
node969;5,4;44,4;398;0;0
node970;1,25;43,71;366;0;1
node971;2,31;48,23;33;0;12
node972;2,69;43,73;304;0;22
node973;2,98;45,36;176;0;77
node974;-1,27;46,98;297;0;82
node975;5,85;46,91;54;0;97
node976;5,23;49,91;258;0;29
node977;6,18;47,88;376;0;43
node978;6,74;45,38;307;0;70
node979;2,47;43,08;83;0;15
node980;-1,51;43,28;98;0;17
node981;4,76;44,2;275;0;95
node982;4,24;49;497;0;34
node983;0,75;43,44;474;0;39
node984;-1,62;47,26;376;0;50
node985;1,56;44,35;426;0;45
node986;0,75;43,28;238;0;93
node987;6,17;47,64;455;0;59
node988;2,93;46,03;218;0;82
node989;5,74;46,54;468;0;85
node990;6,54;45,04;294;0;12
node991;-0,12;46,96;411;0;90
node992;3,91;49,07;368;0;9
node993;1,08;48,13;424;0;80
node994;0,14;43,13;500;0;75
node995;5,41;44,23;354;0;19
node996;3,88;43,93;392;0;29
node997;-1,24;46,09;19;0;43
node998;6,77;44,5;20;0;18
node999;3,98;49,62;452;0;6
node1000;2;47,78;25;0;39
node1001;0,21;44,1;294;0;95
node1002;-1,33;43,95;314;0;71
node1003;-1,62;49,03;41;0;81
node1004;-0,91;46,36;34;0;44
node1005;0,65;46,93;112;0;28
node1006;5,51;49,73;346;0;89
node1007;-1,88;48,03;208;0;72
node1008;2,42;43,67;376;0;14
node1009;2,41;43,45;45;0;21
node1010;5,02;44,07;363;0;60
node1011;0,65;43,84;394;0;76
node1012;0,69;48,34;144;0;66
node1013;0,37;49,88;322;0;82
node1014;-0,08;46,9;317;0;92
node1015;6,28;44,83;25;0;88
node1016;0,3;47,24;47;0;89
node1017;-1,32;45,63;214;0;71
node1018;1,73;49,62;259;0;61
node1019;-0,33;46,11;323;0;60
node1020;-1,79;43,93;425;0;41
node1021;1,26;49,16;149;0;32
node1022;4,37;43,48;375;0;22
node1023;-1,84;47,78;154;0;18
node1024;3,17;45,1;492;0;46
node1025;2,33;49,24;464;0;4
node1026;6,93;45,53;282;0;18
node1027;-0,21;45,37;352;0;3
node1028;1,05;49,24;222;0;5
node1029;6,69;45,69;292;0;54
node1030;2,97;43,06;477;0;100
node1031;2,85;43,64;91;0;16
node1032;-0,93;46,84;400;0;3
node1033;-0,05;49,32;234;0;92
node1034;6,07;43,6;76;0;21
node1035;-1,42;46,09;238;0;70
node1036;-1,13;49,32;43;0;58
node1037;4,19;47,91;142;0;48
node1038;5,74;44,33;183;0;65
node1039;0,62;46,25;311;0;19
node1040;5,17;45,63;119;0;34
node1041;-1,11;48,66;36;0;17
node1042;6,77;48,16;337;0;87
node1043;2,47;45,29;381;0;86
node1044;4,68;43,41;138;0;10
node1045;-1,5;48,05;407;0;10
node1046;0,27;45,93;267;0;56
node1047;4,19;46,02;465;0;35
node1048;5,53;45,52;334;0;39
node1049;0,39;45,7;95;0;2
node1050;2,74;44,49;382;0;5
node1051;5,3;49,28;68;0;20
node1052;0,5;47,61;118;0;2
node1053;0,7;45,59;159;0;99
node1054;-1,84;43,12;75;0;80
node1055;6,67;49,43;45;0;53
node1056;6,63;47,1;43;0;55
node1057;4,5;46,5;368;0;13
node1058;-1,85;47,16;296;0;99
node1059;6,23;46,68;388;0;22
node1060;3,44;49,25;17;0;100
node1061;-0,44;47,1;15;0;32
node1062;-0,99;48,92;63;0;47
node1063;1,03;45,92;249;0;0
node1064;-0,15;49,89;179;0;72
node1065;-1,73;49,55;65;0;23
node1066;5,13;48,98;369;0;54
node1067;3,11;45,37;314;0;20
node1068;4,88;46,43;45;0;46
node1069;0,48;49,91;479;0;95
node1070;3,64;48,37;450;0;0
node1071;2,63;44,92;283;0;6
node1072;-0,6;45,02;214;0;53
node1073;1,47;44,46;54;0;49
node1074;6,19;43,65;286;0;88
node1075;2,91;45,29;381;0;80
node1076;-0,38;47,22;68;0;53
node1077;2,87;43,3;40;0;27
node1078;2,01;48,17;401;0;71
node1079;2,39;45,92;93;0;2
node1080;1,45;43,5;367;0;70
node1081;2,06;43,41;180;0;95
node1082;0,29;49,25;389;0;33
node1083;5,17;43,08;321;0;51
node1084;2,42;45,45;20;0;74
node1085;2,84;49,26;51;0;75
node1086;0,75;47,72;338;0;100
node1087;3,26;46,12;336;0;69
node1088;-1,72;49,83;477;0;47
node1089;5,33;44,83;310;0;34
node1090;-0,53;48,94;465;0;2
node1091;0,58;43,12;239;0;69
node1092;6,96;48,81;58;0;45
